nome,lançamento,tipo,artista
Lil Whind (Remix),2021-12-17,album,Lil Whind
Frente & Verso,2021-10-15,album,Lil Whind
PIAUÍ,2020-09-25,album,Lil Whind
Popó (Ao Vivo),2023-01-05,single,Matheus Fernandes
Vivência,2022-08-19,single,Lil Whind
Alok,2022-02-25,single,Lil Whind
Midas,2021-01-15,single,Lil Whind
Mais um dia normal,2019,single,Lil Whind
"MF No Rio, Vol. 1 (Ao Vivo)",2023-01-06,album,Matheus Fernandes
Melhor Dia 8: Confia,2022-05-19,single,Marcos Baroni
Drip da Roça 2,2021-11-26,single,Doode
Set CaioPassos,2020-11-24,album,Caio Passos
